1,aaa,1111,M,640-176-1140,aepelett0@topsy.com
2,bbb,2222,M,112-116-7358,cchadwen1@arizona.edu
3,ccc,3333,M,827-134-1052,wpalser2@ca.gov
4,Sholom,5462,M,902-633-5447,skimbling3@live.com
5,Marja,7238,F,259-566-8811,mboustred4@rambler.ru
6,Rebbecca,5127,F,550-280-4598,rtunnock5@java.com
7,Dotti,6703,F,974-632-1467,dtuohy6@phpbb.com
8,Aleta,6602,F,498-680-5954,apendreigh7@123-reg.co.uk
9,Langston,3334,M,532-597-6922,lparfrey8@mediafire.com
10,Byran,5543,M,458-696-4923,brocks9@goo.gl
11,Lind,3638,M,601-767-9807,llambolla@intel.com
12,Frazer,5832,M,247-430-9437,feastcourtb@google.pl
13,Rubina,2442,F,106-191-6145,rsavaryc@microsoft.com
14,Flossy,9413,F,916-170-2165,fgaudend@wisc.edu
15,Emelita,2999,F,407-727-1541,efahye@geocities.jp
16,Shaine,5670,M,612-603-7798,srosenblathf@friendfeed.com
17,Griffith,6607,M,659-850-4000,gfinnimoreg@accuweather.com
18,Rice,2433,M,939-128-4864,rlegganh@tripod.com
19,Celia,8034,F,107-399-4701,cmeneyeri@cdc.gov
20,Penelopa,1148,F,196-654-6725,phalfacreej@imageshack.us
21,Edgar,7740,M,407-178-6258,emoresidek@java.com
22,Raynor,5344,M,300-392-1968,rglassoppl@webnode.com
23,Ania,2746,F,959-472-1358,asamperm@reference.com
24,Cyndi,9098,F,206-344-7892,cbannistern@gravatar.com
25,Ros,4567,F,856-170-6695,rcopeso@oracle.com
26,Burt,7194,M,728-608-1753,bdiioriop@google.com
27,Sheridan,8174,M,896-512-2034,slockartq@sogou.com
28,Lotte,4076,F,917-480-0327,ldelunar@dot.gov
29,Natka,7123,F,606-158-9040,nrodolfs@ask.com
30,Ivory,5054,F,568-832-6091,itrahart@chicagotribune.com
31,Chase,1787,M,814-266-5389,cgerckeu@51.la
32,Isador,9211,M,341-820-6422,ichuggv@parallels.com
33,Wallie,2023,M,181-555-9096,wmccarneyw@mapquest.com
34,Jana,7629,F,709-367-6986,jteodorskix@parallels.com
35,Gradey,3779,M,686-194-1145,ghastwelly@zimbio.com
36,Steven,3625,M,988-860-9519,sgourdonz@dot.gov
37,Konstantin,2186,M,365-372-3347,kvannozzii10@globo.com
38,Hilario,6687,M,144-290-4428,hplett11@homestead.com
39,Cecile,7924,F,780-149-2038,cbrach12@cyberchimps.com
40,Remy,5092,F,140-172-2926,rlerven13@cdbaby.com
41,Law,8922,M,409-562-9388,lgammet14@reference.com
42,Theadora,3393,F,793-383-2186,tboteman15@guardian.co.uk
43,Noel,4070,M,576-837-3682,ndyball16@hibu.com
44,Nikola,5701,M,653-359-1749,nmiddup17@bandcamp.com
45,Benito,3239,M,793-885-8547,blarchier18@mit.edu
46,Ede,2651,F,491-815-5586,epressnell19@vinaora.com
47,Jimmie,8812,M,329-143-9132,jbraunter1a@ocn.ne.jp
48,Sonya,7724,F,626-818-8561,sboutellier1b@google.fr
49,Raye,1352,F,317-271-2579,rstickells1c@hatena.ne.jp
50,Malina,8115,F,322-777-8776,msevior1d@i2i.jp
51,Emlen,5201,M,568-944-6289,epetkov1e@hugedomains.com
52,Drusy,3358,F,998-288-9891,dstanfield1f@noaa.gov
53,Pet,7244,F,210-662-6710,pabdee1g@cornell.edu
54,Clarice,1665,F,584-203-0951,cmacilory1h@prnewswire.com
55,Pace,4350,M,369-866-7982,pchristmas1i@facebook.com
56,Coletta,3955,F,367-515-1068,cminchell1j@twitpic.com
57,Max,3136,F,646-339-1459,mguswell1k@1688.com
58,Yetta,1882,F,347-709-2634,yclipston1l@prnewswire.com
59,Kimberly,2642,F,161-605-4199,kchoat1m@friendfeed.com
60,Bartholomew,7164,M,981-667-2854,broloff1n@prweb.com
61,Thibaut,6634,M,738-652-2175,tsturdey1o@un.org
62,Franzen,2210,M,736-147-7647,fflatt1p@mozilla.org
63,Catlaina,7373,F,850-712-8864,cweddeburn1q@unc.edu
64,Mureil,5470,F,235-465-4880,mjackways1r@cnet.com
65,Sadie,9496,F,404-195-8686,sdurston1s@trellian.com
66,Ardis,7284,F,286-481-3098,aglossup1t@creativecommons.org
67,Damiano,2333,M,100-756-0861,dtwelvetrees1u@google.ca
68,Zaria,7394,F,840-847-0668,zedler1v@ed.gov
69,Lyda,8187,F,959-109-0882,lyurygyn1w@tiny.cc
70,Gail,4103,M,988-988-5387,gcutbirth1x@bloglovin.com
71,Angele,8261,F,172-220-5054,alyte1y@studiopress.com
72,Abrahan,5366,M,724-706-2298,abuxton1z@digg.com
73,Lotti,2255,F,937-319-7908,lmcdoual20@so-net.ne.jp
74,Waverley,7863,M,402-612-4372,wjeanet21@wufoo.com
75,Kaitlynn,2272,F,336-615-1803,kmushawe22@wiley.com
76,Korey,5961,M,532-113-0938,klaunder23@prlog.org
77,Blondelle,2608,F,350-298-0511,bdraycott24@livejournal.com
78,Dermot,6418,M,905-983-6398,dwayland25@weebly.com
79,Freida,8837,F,260-280-7748,fyablsley26@foxnews.com
80,Lenee,2887,F,185-605-8411,lhoutby27@tamu.edu
81,Jermayne,6496,M,947-453-3009,jhucklesby28@slashdot.org
82,Fanni,2978,F,726-893-7604,fnurcombe29@hao123.com
83,Krishnah,5396,M,815-914-7788,kstellino2a@example.com
84,Findley,5468,M,332-999-0964,fshepheard2b@exblog.jp
85,Mano,6001,M,624-536-6116,mdabney2c@issuu.com
86,Fred,1639,M,816-367-7252,fbrowne2d@berkeley.edu
87,Fredrick,1811,M,958-536-2318,fwoollends2e@fotki.com
88,Gilberta,4355,F,563-277-5694,greast2f@wikia.com
89,De witt,5977,M,419-267-2574,dgoulding2g@abc.net.au
90,Jaimie,2887,F,928-868-3016,jsantori2h@flavors.me
91,Sabina,1704,F,880-908-7492,sburkin2i@oakley.com
92,Mayne,1225,M,614-307-4495,mnorton2j@whitehouse.gov
93,Kathryne,7923,F,512-591-1325,khegden2k@ifeng.com
94,Hillery,2072,M,844-177-1604,hyushankin2l@twitter.com
95,Raye,4183,F,874-621-0742,rmountain2m@imgur.com
96,Hali,3642,F,813-840-8617,hdolohunty2n@fema.gov
97,Melodee,3277,F,253-488-2127,mgiacopetti2o@howstuffworks.com
98,Lynnett,7152,F,186-634-9663,lpiccop2p@mapquest.com
99,Aloysius,9773,M,917-718-8216,awile2q@thetimes.co.uk
100,Isabeau,5144,F,943-375-2079,ihandmore2r@stumbleupon.com
