,title,category,content
0,이오숙,1967년 출생부여군 출신 인물쌘뽈여자고등학교 출신한남대학교 출신한남대학교 대학원 출신대구북부소방서장소방공무원/1988년 임용대한민국의 여성 고위 공무원전북소방본부장,대한민국의 소방공무원.  76년 소방역사상 최초의 여성 소방감 이다. 
1,파란색/이미지,이미지 컬러,파란색과 관련된 이미지들을 정리하는 문서.
2,불닭볶음면,불닭볶음면,"화끈한 매운맛!삼양식품의 라면으로, 2010년대 출시 이후 삼양식품을 대표하는 볶음면이다. 한류 열풍으로 외국에서도 인기몰이를 했으며, 삼양식품에 새로운 전성기를 안겨준 라면이다."
3,2022년 러시아의 우크라이나 침공/원인,2022년 러시아의 우크라이나 침공/전쟁 이전원인,2022년 러시아의 우크라이나 침공의 원인을 정리한 문서다. 
4,Nine Sols/보스,Nine Sols/보스,메트로베니아 게임 Nine Sols에 등장하는 보스들에 관한 문서.
5,정진욱(정치인),대한민국의 남성 정치인제22대 국회의원더불어민주당 국회의원영광 정씨1964년 출생더불어민주당 소속영광군 출신 인물금호고등학교 출신서울대학교 출신대한민국의 남성 기자대한민국의 남성 언론인대한민국의 남성 기업인기자 출신 정치인기업인 출신 정치인문재인 정부/인사,대한민국의 정치인이다. 배우자는 임선숙 변호사이다. 당적은 더불어민주당이며 계파는  친명으로 분류된다.
6,드라코(브롤스타즈),전설 브롤러탱커 브롤러,"Let's thrash, slash, bash and dash!때리고, 베고, 후려치고, 달려보자고!Riding his inflatable dragon and setting off fireworks, Draco promises a show-stopping finale every night. With his electric guitar blaring and his flame-spewing ride rocking the crowd he turns the fantasy up to eleven!자유자재로 크기를 늘릴 수 있는 드래곤을 타고 폭죽을 터트리며 매일 밤 인상적인 피날레를 선사합니다. 가슴을 울리는 전기 기타와 불을 뿜는 드래곤이 대중을 열광시키며 환상적인 쇼를 극한으로 끌어올립니다.매드이블 저택 트리오 소속 브롤러이다. 일류 만담가이며, 그의 이야기는 드래곤이나 불꽃도 떠오르게 할만큼 일품이라고 한다.참고로 드래곤은 풍선으로 되어 있으며 인게임 모델링을 자세히보면 그 안에 발을 넣고있는 모습을 볼수있다.[2]"
7,증폭의 헬레나,사이퍼즈/캐릭터,[10]추천 포지션 원거리 딜러온라인 게임 사이퍼즈의 캐릭터. 성우는 강희선.[11][12] 성우 인터뷰
8,이루샤,마비노기/몬스터,"요정과 포워르의 힘을 모두 가진 혼혈귀여운 외모와는 다르게 강력한 힘을 보유하고 있으며, 그 힘에 걸맞은 흉포한 성질도 갖추고 있습니다.이 작은 고양이를 행복하게 만들어 주는 방법은 달콤한 것을 먹이는 것뿐.이루샤가 크롬 바스에 군림하게 된 이유 중 하나는 더 많은, 더 맛있는 사탕을 얻기 위해서입니다.마비노기의 몬스터로 크롬 바스에 등장한다. 30 난이도에서는 보스, 50 난이도와 100 난이도에서는 중간보스다.과거엔 마그 멜에서 요정들에게 보살핌받으며 행복하게 지냈던 것으로 보인다. 그러나 어느 순간 시오라가 마그 멜을 버리고 떠나며 마그 멜에서 갑작스럽게 쫒겨난 후 돌아갈 수 없게 되었으며[1][2] 그 후 이계신으로 추정되는 존재에게 유혹당해 수하가 되었다. 귀여운 외모와 다르게 매우 더럽고 잔인한 성질머리를 가지고 있으며[3] 자신의 죄를 반성하며 성불한 펠롬과 다르게 스토리에서 이후의 행방이 밝혀지지 않았다.  자꾸 구슬을 뗀다는 유저들의 인식과 디자인상 수컷 캐릭터로 알려져 있으나 패턴 사용시 자신이 여왕이 되겠다는 대사를 보아 암컷으로 추정된다.인게임에선 마비노기 보스들 중 유일하게 보이스를 가지고 있는 캐릭터[4]이며 요정의 인격으로 보이는 소심한 말투와 포워르의 인격으로 보이는 난폭한 말투를 섞어서 사용하며 두 힘을 동시에 사용하는 패턴에선 두 목소리가 겹쳐져서 출력된다.[5]"
9,네버랜드를 찾아서,2004년 영화피터 팬미라맥스미국의 가족 영화,피터 팬의 작가 제임스 매튜 배리의 이야기를 소재로 한 전기 영화.
10,한파/대한민국/21세기,한파/대한민국,"21세기에 한반도(대한민국, 북한)에 찾아온 한파를 나열한 문서.2000년은 21세기가 아니지만, 20세기에 넣으면 2000년대의 개념에서 벗어나서 더욱 부자연스러우니 21세기 문서에 정리하였다."
11,도검,도검,도검(刀劍)은 긴 칼날을 가진 날붙이를 통칭해서 부르는 낱말이다. 자루가 짧고 칼날이 길며 상대를 베거나 찌르는 용도로 쓰이는 무기.
12,사바어,셈어파고어(언어)아시아의 언어아프리카의 언어사바 왕국,"아랍어 이전에 아라비아 반도 남부에서 통용되던 언어. 성경에 나오는 시바의 여왕의 나라이기도 한 예멘의 마리브를 수도로 세워진 사바 (셰바) 왕국의 언어였으며, 아랍에미리트의 멜리하 유적이나 에티오피아 악숨에서도 확인되는 등 국제적으로 통용되었다. 기원후 무렵부터 점차 고전 아랍어로 발전하였다."
13,명부 10신,명부 10신,"마법전대 마지레인저의 중간 보스들. 모티브는 신화의 환상종들과 티탄.[1]지저명부 인페르시아의 사악하기 그지없는 10인의 신들. 작중에서는 후반부인 35화부터 등장하며, 마지토피아와 인페르시아에는 전설에만 등장하는 존재였다.[2] 개력대장 브랑켄, 마도신관 메미, 그들이 거느렸던 군대들은 물론이고 명수와 명수인이 전부 사망한 후에 등장해 후반부를 주도하는 악역들. 「신들의 골짜기」를 본거지로 삼고 있으며 이들의 목표는 '신벌'을 통한 지상의 파괴와 절대신 움마의 부활.[3][4]"
14,임광현,1969년 출생홍성군 출신 인물강서고등학교 출신연세대학교 출신하버드 대학교 로스쿨 출신5급 공개경쟁채용시험 출신/38회대한민국의 남성 고위 공무원이명박 정부/인사문재인 정부/인사제22대 국회의원비례대표 국회의원더불어민주당 국회의원대한민국의 남성 정치인공무원 출신 정치인더불어민주당 소속참여정부/인사박근혜 정부/인사국세청 차장국비유학 출신,대한민국의 전직 공무원. 국세청 차장을 끝으로 공직에서 퇴임하였다.
15,NMIXX/논란 및 사건 사고,NMIXX,대한민국의 걸그룹 NMIXX의 논란 및 사건 사고를 기록하는 문서.
16,엘렌 조,젠레스 존 제로/등장인물,온라인 게임 《젠레스 존 제로》에 등장하는 플레이어블 캐릭터.
17,핑크버스,대한민국의 버츄얼 유튜버 그룹2024년 데뷔,대한민국의 버추얼 아이돌 그룹. 현실에 지친 이들에게 기쁨과 희망의 에너지를 전달하기 위해 특별한 소녀들로 이루어져 있다.
18,Wavve,Wavve,"KBS, MBC, SBS로 이루어진 지상파 3사와 SK텔레콤의 합작으로 만들어진 대한민국의 OTT 서비스."
19,로베르트 코흐,독일의 생물학자독일의 의사고슬라어 군 출신 인물노벨생리학·의학상 수상자1843년 출생1910년 사망심혈관질환으로 죽은 인물괴팅겐 대학교 출신왕립학회 회원,독일의 의사이자 미생물학자. 세균학의 창시자로 평가된다. 무서운 전염병을 3개나 발견한 박사로 알려졌다.
20,녹정기,중국 무협 소설대하소설청나라/창작물하렘물중국 텔레비전 드라마,김용 최후의 장편소설이자 사실상 마지막 작품. 배경시대는 청나라초 강희 연간. 1969년 10월 24일에서 1972년 9월 23일까지 명보에서 독점 연재했다.
21,아시아 미디어 그룹,대한민국의 미디어 기업대한민국의 방송케이블 방송,"아시아 드라마, 영화, 다큐멘터리 등 다양한 콘텐츠를 4개의 방송 채널을 기반으로 방송, VOD, 인터넷, 모바일 OTT까지 모든 플랫폼, 모든 디바이스에 서비스하는 ‘아시아 콘텐츠’ 중심 콘텐츠를 제공하는 회사이다."
22,키몽,1989년 출생인하대학교 출신웹툰 작가한국의 만화가,"다음 웹툰에서 '키몽툰'으로 데뷔한 웹툰 작가. 본명 김홍렬, 1989년생으로 인하대학교에서 건축학을 전공한 이력을 가지고 있다.페이스북[1]페이스북 등에서 '알파카 만화'로 유명해졌고 이를 기회로 정식 연재 데뷔를 하였다. 주로 SNS채널에서 연재를 하던 작가인 만큼 SNS 활동량도 많으며, 온오프라인 행사를 통해 독자와의 소통이 활발한 편.다음웹툰의 미녀작가(?)로 유명하다."
23,장합(진삼국무쌍),진삼국무쌍 시리즈/등장인물/위,"성우는 코우노 요시유키[2][3]/전광주[4]→최지훈(언리쉬드)[5]/유리 로웬탈. 1인칭은 와타시. 한국판 성우 전광주의 경우 정말이지 환상의 연기력을 선보였다. 시리즈 내내 아름다움 타령하는 극도의 탐미주의자. 무엇을 하든 일단 아름다움 타령을 한다. 이미 휘하 졸병들까지 아름답게 전염시킨 상태. 3탄 가정 전투에서 마속 고립 이벤트와 4탄의 장합 엔딩이 백미. 진창성에서 전투가 끝나고 장합이 ""모두 무기를 버리고 춤을 춰요!""라고 말하자 병사들이 진짜로 무기를 버리고 춤을 춘다. 명실상부 진삼국무쌍 시리즈의 개그 담당.[6] 탐미주의가 너무 심해서 수많은 플레이어들로부터 게이로 오해받고 있지만 게이는 아니다. 정확히는 탐미주의와 나르시시즘을 혼합한 성품. [7]불멸의 명대사는 진삼국무쌍 2편에서는 ""적의 진영은 아름답더냐?"", 3에서는 ""우아하게! 단아하게! 아름답게!!"", 오장원 전투 촉군 시나리오 프리모드로만 볼 수 있는 사마의 도발 이벤트의 ""왜 그러십니까? 이 아름다움에 놀라신 모양이군요!"", 4편에서의 ""유유히! 당당히!"" 와 엔딩의 ""새로운 세상도 이 장준예가 아름답게 채색하겠어요"" 가 있다. 듣다보면 정신이 멍해지는 열연이라 성우 전광주를 팬들에게 가장 잘 알린 배역이 아닐까 싶다. 일본판 성우가 연기한 장합의 ""아아♥""는 사마의의 ""후하하하하하하!""와 함께 독보적인 클래스의 美를 보여준다. 북미판 성우 역시 장합 특유의 간드러지고 아름다운 목소리를 제대로 살렸다는 평가를 받았다.진삼 시리즈가 플레이어블 무장에게 캐릭터성을 부여하는 방법은 보통 연의에서의 일반적인 이미지를 따라가던가, 연의에서의 일반적인 이미지와는 거리가 있으나 정사나 다른 사서에 있는 기록을 바탕으로 거의 왜곡에 가깝게 각색하여[8] 아예 이레귤러로 만들던가 하는 2개의 기준을 세워놓고 눈금을 조절하는 식인데 장합은 위연과 함께 이레귤러의 궁극에 달한 캐릭터다. 특히 장합의 경우 탐미주의자 캐릭터가 뜬금없이 나온게 아니라 ""장합이 비록 무장(武將)이었으나 유사(儒士-유생, 선비)들을 경애하고 좋아해, 일찍이 같은 고향 출신의 비담(卑湛)이 경학에 밝고 행실이 훌륭하다 하여 추천한 적이 있다.""라는 정사 장합전의 서술과, 유학에서 사(士)들의 교육과목인 6예에 예술의 영역인 음악과 시가 포함된다는 사실을 바탕으로 오버센스를 가미해 각색한 것으로 보인다.실제로 가장 이레귤러의 궁극에 달한 캐릭터라고 할 수 있는 장합과 위연(야생인), 주태(사무라이)의 경우 명성과 유명세에 비해 의외로 연의에서는 셋 다 그저 돌격대장 정도로만 묘사되기 때문에 콧수염 달아놓고 투구를 씌워 놓으면 그게 위연인지 주태인지 장합인지 뭐 알 도리가 없다. 심지어 여포와 오호대장군, 하후돈 등 외모에서 특징이 확실한 경우들을 제외하면 거의 모든 삼국지 무장을 이런 모습으로 만들어도 별 위화감이 없다. 당장 연의 원작에 충실한 편인 84부작 삼국지를 봐도 장수들 디자인이 거의 다 비슷해서 겉모습만 보면 누가 누구인지 특정짓기가 어렵다. 그렇기 때문에 이런식으로 컨셉을 정한 것.[9] 사서 속 냉철한 명장 장합을 좋아하는 팬들 입장에선 코에이때문에 이미지를 망친 면도 있으나, 덕분에 개성이 좀 부족한 위군 장수들중 독보적인 인지도를 확보하고 있으며 이런 장합의 매력을 좋아하는 팬들도 많고 등장할 때마다 그들에게 '아름다운 분'이라는 찬양을 받는다. 특히나 가뭄에 콩나듯 나오는 서황 팬들이 뭐라도 좋으니까 개성 좀 달라고 혼신을 다해 외치는 절규를 보면[10] 이런 독특한 개성이 나은 측면도 있다. 실제 게이들도 반드시 탐미주의자 내지는 나르시시스트가 아니며, 게이와 이 둘을 무조건적으로 연관시키는 것은 엄연한 편견이니 주의. 물론 코에이 측에서도 진삼의 장합을 아예 게이로 설정/묘사한 적은 한 번도 없었다.[11] 장합이 다른 남성 캐릭터를 대할 때는 단지 그들의 아름다움을 이렇다저렇다 평가하고 찬양할 뿐 동성애적인 측면으로 대하는 경우는 없다. 물론 저 장합의 탐미주의 자체를 싫어한다고 하면 뭐라 할 말은 없다. 이성 무장과 호감도를 쌓거나 깊은 관계가 될 수 있는 게임들에서도 장합은 멀쩡히 여성 캐릭터 상대로 가까워지는 걸 봐도 알 수 있다. 물론 취향의 차이가 있으므로, 진중하지 못한 이레귤러 컨셉을 싫어하는 유저들도 많다. 이런 반응을 고려해서인지, 시리즈가 진행될수록 냉정침착한 장합의 면모 또한 부각되는 추세다. 6, 7편의 정군산/가정의 위군 이벤트가 좋은 예시. 사실 탐미주의 컨셉이 너무 강해서 그렇지 6, 7편 이전의 작품에서도 간간히 나오는 이벤트나 대사를 잘 보면 냉철한 판단력이나 상황을 날카롭게 직시하는 모습도 종종 보여주는데[12], 이는 용장보다는 지장에 더 가까웠던 정사의 장합과 거의 일치하는 면모이다.견희와는 원소 휘하부터 함께 있었던 사이인지라 서로 사이가 좋은 듯 하며 장합과 견희가 함께 게임을 플레이하면 은근히 잘 어울린다. 어째 서로 아름다움을 갈고 닦는 좋은 여자친구 사이처럼 보인다. 견희랑 장합이 엮이는 장면에서는 백합 드립이 흥할 정도. 7편 기준으로 친애무장 사이는 아니지만. 또한 클론 무장들만 있는 원소군에서는 귀중한 무쌍 무장들이다. 특히 장합은 안량, 문추가 클론인 탓에 현재까지도 주군 원소와 함께 원소군의 쌍두마차 역할을 맡고 있다. 원소 쪽 얘기를 할 때 장합, 견희가 튀어나오는 경우는 상당히 많다.무기는 거의 대부분의 시리즈에서 구조[13]를 썼으며, 구조를 쓴 기간에는 항상 고유무장이었다. 단 5편 오리지널과 8편 오리지널은 각각 창, 표 중복무장이었는데, 재밌게도 무기가 바뀐 작품의 평가는 썩 좋지 못했다. 무쌍 시리즈가 캐릭터 게임 성향이 강한 만큼 장합처럼 개성이 있는 무장의 개성을 잘 살리는 것이 게임성 측면에서도 중요하다는 것을 짐작할 수 있다.보기보다 키가 큰 편이다. 공식설정상 키가 194cm로 이는 위나라 세력에서 방덕, 우금에 이은 3위인 수치로 거한으로 묘사되던 전위보다도 더 크다. 2편 ~ 6편 오리지널까지는 4편을 제외하고 위나라 내 최장신일 정도. 다만 다른 풍채 좋은 장수들에 비하면 근육질 몸매는 아니라서 날씬하고 호리호리한 편에 가깝다.또한 시리즈 내내 존댓말 캐릭터다. 정발된 2, 3편의 경우 간혹 반말도 사용하는 것으로 더빙되었지만 일본어 원판을 보면 첫 등장한 2편부터 병졸에게도 존댓말을 쓰는 모습으로 등장한다. 가령 2편 장합의 명대사로 꼽히는 '적의 진영은 아름답더냐?'도 사실 원판에서는 '적의 진영은 아름다웠습니까?'라고 존댓말로 물어본다."
24,Battle for Dream Island/기타 미참가자,BFDI/캐릭터,미국 애니메이션 Battle for Dream Island의 등장 캐릭터들
25,마라탕,인터넷 밈/음식동북 요리사천 요리중국 요리한국식 중화 요리,"초피·팔각·정향·회향 따위를 넣고 가열해 향을 낸 기름에[1] 고춧가루와 두반장을 넣고 육수(주로 사골 육수)를 부은 다음 야채·고기·버섯·두부·완자·해산물·푸주·납작당면 등을 넣어 끓이는 중국 요리이다.캡사이신을 포함하여 다양한 향신료를 사용하며, 특히 매운 맛을 느끼게 해 주는 물질인 캡사이신의 효과와는 다른 종류인 하이드록시 알파 산쇼올이라는 화학 물질 탓에 마파두부처럼 혀가 얼얼한 맛이 특징인 요리 중 하나다."
26,아이오와 대학교,아이오와 주의 주립대학1847년 개교,"미국 아이오와의 옛 주도인 아이오와시티에 있는 플래그십 주립대학으로 중서부에 위치하고 있는 주립대학이다. Iowa 주 내에서 가장 규모가 큰 학교이나 여느 캠퍼스 타운과 마찬가지로 시골에 자리잡고 있다. 밖에 나가도 보이는 건 온통 옥수수밭이다. 한국에서 많이 알려져 있지 않으나, 의학, 생물, 문예 분야는 상위권에 속해있다. 하지만 Iowa 주가 한국에선 아이다호 혹은 오하이오주와 혼동할 정도로 듣보이므로 많은 사람들이 못 알아보는 점은 매우 안타깝다. 미국 현지 유학 중인 대학원생들, 박사 지망생들도 이 학교를 목표로 많이 진학을 하며, 국내 교수진들중에서도 아이오와 대학교에서 박사 학위를 취득한 사람들이 은근히 많다. 플래그십 주립대학으로서 캠퍼스는 예쁜 편이다. 그리고 치안상태가 좋아 밤에 늦게까지 공부하고 돌아다녀도 안전하다. 학교 건물들은 지속적으로 증축되거나 신축되고 있어 시설면에선 깨끗하고 최신식이라 할 수 있으며, 생활하는데에 큰 지장이 없다. 파티를 제일 잘하는 미국대학교 상위권에 항상 들어가 있다. 1위, 2위를 계속 오가고 있으며, 금요일, 주말에는 각종 클럽, 술집, 가정집, 기숙사(...)등 각지에서 엄청난 파티가 자주 열리는 편. 학업에 지쳐 가끔 사람, 고층 건물들이 그리워지면 차로 3시간 반 정도 달려 시카고로 갈 수 있다. 실제로 봄방학이나 추수감사절같은 연휴기간에 자주 놀러가게 되며 시카고 다운타운이나 한국음식점에서 학교 친구들과 우연히(?) 마주치게 된다. 2010년경부터 한국에서 유학 프로그램을 통해 가성비 좋은 학교로 소개가 많이 되고 있어 많은 학생(특히 학부생)들이 유입되었으나 현재는 지속적인 학비 상승과 학교측의 여러 안타까운 재정적 상황으로 인한 순위 하락으로 시들한 상황.[2]고등학교 졸업 후 입학 혹은 각 한국 대학교에서 편입으로 오는 등 여러 계층의 사람들이 모여 공부하고 있다. 또한 중국 학부생들이 대거 입학하기 시작하면서 캠퍼스에서 아시아인들이 많이 보이고 있다.아이오와 대학의 등록금은 미국 대학 전체로 봤을 때 저렴한 축에 든다. 유학생이 속하는 Out of state 한 학기 기준 등록금은 평균 15,000달러[3] 정도이며(기숙사 비용 제외) 주거비, 생활비 등 기타 여러 가지 비용을 고려할 때 최소 2,500만 원은 한학기에 나간다고 보면 된다. 저렴한 학비에 시골의 낮은 물가에서 오는 생활비까지 봤을 때 전체적인 교육비는 역시 저렴하다고 할 수 있겠으나, 옆동네의 여러 대학[4]과 비교했을 때 학비경쟁력은 많이 떨어진 편.[5] 학비 경쟁력 이야기가 나오는 이유는 2010년도만 해도 아이오와 대학교의 한 학기 등록금은 Out of State 기준 12,000달러가 채 안 되는 정도였기 때문. 때문에 막대한 주 정부의 부채로 인한 학교지원금 감소를 타주 학생 및 외국인학생에게 뜯어내고 있다는 비판이 일고 있다. 허나 늘어난 학비만큼 학교가 건물 신축이나 장학금 지원, 교수 확충 등 학교 경쟁력에 긍정적 영향을 미칠 요인들이 늘어나고 있어서 학비 인상에 대한 비판은 향후 몇년 후로 미뤄도 늦지 않을듯 하다. "
27,휴멍거스,매드 맥스 시리즈/등장인물,"매드 맥스 2의 등장인물. 아웃백에서 활동하는 폭주족 무리의 우두머리로, 2편의 최종 보스다.거구에 근육질을 자랑하며[3] 어째서인지 본디지 복장같은 옷을 입고 있다. 머리에 화상을 입었으며, 화상을 가리기 위해서인지 하키 가면을 쓰고 있다. "
28,아아 공습경보,인터넷 밈/방송 프로그램/대한민국,"2017년 5월 1일 부산MBC에서 방영한 ""공간다큐 그곳""의 응급실 방영분이 시초이다.[1] 만취한 취객의 횡설수설과 그걸 듣고 낙담한 표정으로 경멸하는 간호사의 표정이 어우러져 밈이 되었다.(내레이션) 술에 취한 환자가 별안간 언성을 높입니다.간호사: 주삿바늘 갈게요.취객: 어, 어. 놔두고 가면 돼. 다시!간호사: 가만히 있어요.취객: 아아, 들어간다, 들어간다. 다시! 아아, 다시! x 2 잠깐!간호사: (단호하게) 일어서지 마세요.(취객이 계속 진상을 부린다)간호사: 다리에 놓을게요.취객: 아니, 아니, 어디 갔는데? x 2간호사: 뭐가요?취객: 주사! (중간 생략)취객: 양말, 양말 그거 벗기면 니는 죽여뿐다. 공갈인줄 알아? 아아- 처음은 공갈이다잉. 아아.(간호사가 발을 건드린다)취객: 아. 아아. 이 밑에 폭탄도 있다.(간호사가 발을 잡고 소독한다)취객: 아아아아! 공습경보! 공습경보오오!!!! 으어어! 아! 아! 으아아아악! 아악! 으아아아아앍!(간호사가 허탈해한다)취객: 경찰력 총동원! 청장!(내레이션) 결국 보안 요원까지 나서는데요.취객: 서울 청장 어디 갔어? 청장. 서울 청장. 아아. 대답만 해!"
29,수저계급론,수저,"""Some folks are born silver spoon in hand.""""어떤 사람들은 태어날 때부터 은수저[1][2]를 들고 나오지""크리던스 클리어워터 리바이벌_《Fortunate Son》 중""I was born with a plastic spoon in my mouth""""난 플라스틱 수저[3]를 물고 태어났어""더 후_《Substitute》 중2010년대에 들어 20-30대들에 대한 학벌·경력 등이 상향평준화 되어서 고성장 시대(80-90년대 당시 20-30대) 때 대기업 취업에 큰 도움이 되던 4년제 대학 졸업장이 너무나도 당연해졌고 공무원 또한 과거에는 인식이 매우 나빴으나 현재는 너도나도 공시에 뛰어들어 취업 경쟁이 심해졌다. 취업 과정에서도 면접관들이 ""누굴 합격시킬까""가 아닌 ""누굴 불합격시킬까""에 혈안이 되는 문제가 발생하였다. 여기서 집안, 재산, 학벌, 인맥 및 다른 스펙 등을 보게 되면서, 각종 비리와 문제를 자조적으로 일컫는 '수저계급론'이라는 키워드가 뜨기 시작하였다.수저계급론은 최초로 미국에서 등장했다. 가끔 수저계급론을 더욱 더 확대시키고 전 세계적으로 널리 보급시킨 것은 대한민국에서 등장한 것이라고 주장하기도 하나 이는 틀린말이다. 수저 계급이 점차 세분화된 것도 고소득층을 은수저로 부르다가 저소득층을 나무수저로 부르기 시작하고, 1950년대부터 플라스틱수저가 추가되어 최하층이 나오는 등 영미권에서 먼저 만들어진 것이고, 이러한 관용구는 영어라는 세계적으로 널리 쓰이는 언어 덕분에 많이 퍼진것이다. 다만 금수저, 흙수저 같이 영미권의 수저계급보다 더욱 세분화시킨 것은 한국의 수저계급론이 맞으며, 디시인사이드가 가장 결정적인 영향을 미쳤다.참고로 미국 등 서양권은 금보다 은이 더 귀하고, 반대로 중국 등 동양권은 은보다 금이 더 귀해서, 서양권과 동양권이 금과 은 중 둘 중에 어느 것이 가장 높은가를 두고 다투는 경우가 많은데, 전 세계 어느 나라를 가더라도 금이 은보다 훨씬 비싸고 희귀하다. 당연히 서열상으로도 금>은이 맞다. [4]2020년 전후로 일본에서는 ""부모 가챠""라는 말이 청년 사이에서 유행하고 있다.현대판 사회계급론으로 기존의 복잡해보이고 어느 정도 남아있는 현대판 신분제도 계급론을 우스꽝스럽고 해학적으로 표현한 형태에 가깝다."
30,아시아 미디어 그룹,대한민국의 미디어 기업대한민국의 방송케이블 방송,"아시아 드라마, 영화, 다큐멘터리 등 다양한 콘텐츠를 4개의 방송 채널을 기반으로 방송, VOD, 인터넷, 모바일 OTT까지 모든 플랫폼, 모든 디바이스에 서비스하는 ‘아시아 콘텐츠’ 중심 콘텐츠를 제공하는 회사이다."
31,감사합니다(드라마),2024년 드라마tvN 토일 드라마스튜디오드래곤공개 예정 드라마,비리가 만연한 JU건설 감사실을 배경으로 냉혈한 감사팀장과 가슴 뜨거운 신입사원의 좌충우돌 콤비 플레이를 담은 오피스 수사 활극2024년 7월 6일부터 〈졸업〉 후속으로 방영 예정인 tvN 토일 드라마.
32,광주 도시철도 2호선,광주 도시철도 2호선나무위키 철도 프로젝트,"광주 도시철도 2호선 공식 홍보영상[7]광주 도시철도 2호선 기공식 광주광역시에 건설 중인 광주 도시철도의 두 번째 노선.밑에 서술될 내용들은 광주광역시청 도시철도건설 홈페이지, 광주 도시철도 2호선 건설사업 타당성 재조사 보고서 - 2023년 1월 발행, 광주도시철도 2호선 건설사업 조사보고서 - 2010년 9월 발행, 광주시 도시철도 2호선 건설사업 조사보고서 - 2004년 12월 발행 등을 참고하면 더 자세하게 알 수 있다."
33,NMIXX,NMIXX,"""둘, 셋![1] 안녕하세요, NMIXX입니다!""2022년 2월 22일에 데뷔한 JYP엔터테인먼트 소속 6인조[2] 걸그룹이다."
34,송재봉,대한민국의 남성 정치인제22대 국회의원더불어민주당 국회의원정선군 출신 인물1969년 출생대한민국의 사회운동가사회운동가 출신 정치인문재인 정부/인사대성고등학교(강원) 출신청주대학교 출신충북대학교 대학원 출신더불어민주당 소속은진 송씨대한민국의 학생운동가,"대한민국의 사회혁신가 출신 정치인이다. 문재인 정부 청와대 행정관, 더불어민주당 청주시장 후보, 더불어민주당 중앙당 전략기회위원회 부위원장 등 중앙행정과 정치, 자치분권 분야에서 활동하고 있다."
35,사바어,셈어파고어(언어)아시아의 언어아프리카의 언어사바 왕국,"아랍어 이전에 아라비아 반도 남부에서 통용되던 언어. 성경에 나오는 시바의 여왕의 나라이기도 한 예멘의 마리브를 수도로 세워진 사바 (셰바) 왕국의 언어였으며, 아랍에미리트의 멜리하 유적이나 에티오피아 악숨에서도 확인되는 등 국제적으로 통용되었다. 기원후 무렵부터 점차 고전 아랍어로 발전하였다."
36,배성웅/밈,배성웅인터넷 밈/프로게이머/대한민국,"15~16 SKT의 주축이 되었던 정글러이자, 이 밈이 생기기 시작한 15 스프링 초반에서의 정글에서의 최악의 부진을 털어내고 비꼬는 밈을 재밌는 밈으로 변화 시켰기 때문에 정글과 관련된 밈들이 많다. "
37,오백 년째 열다섯3: 두 개의 구슬,한국 소설2024년 소설판타지 소설성장 소설장편소설한국 신화/창작물,2024년 5월 27일 출간 예정인 오백 년째 열다섯2 : 구슬의 무게를 이은 오백 년째 열다섯 시리즈의 3번재 시리즈이자 마지막 시리즈이다.
38,보두앵 4세,1161년 출생1185년 사망예루살렘 국왕앙주 가문피부질환으로 죽은 인물예루살렘 출신 인물,"어린 시절 한센병 증세가 나타나고 있다는 것을 묘사한 그림프랑스어Baudouin IV (보두앵 4세)영어Baldwin IV (볼드윈 4세)라틴어Balduinus IV (발두이누스 4세)나병왕 보두앵[1]예루살렘 왕국의 제7대 국왕. 그의 통치기에 살라딘의 등장으로 위기에 처한 예루살렘 왕국은 보두앵 덕분에 잠시나마 구원받게 되었다. 그는 적수인 살라딘마저 인정했을 정도로 유능했던 국왕이었다. 그러나 예루살렘 왕국은 보두앵 4세 그 한 사람에 의해 유지되는 상황이었고, 그의 사후에 급속히 쇠퇴하기 시작한다."
39,미쓰비시 후소,일본의 자동차 제조사버스 제조사트럭 제조사다임러 트럭미쓰비시 그룹독일-일본 관계2003년 기업,지속 가능한 사회를 위한 선택  Choices for a sustainable society  持続可能な社会に向けた選択슬로건일본의 상용차(버스/트럭) 제조 회사.
40,정의의 저널,리그 오브 레전드/삭제된 설정리그 오브 레전드/스토리,"리그 오브 레전드 클라이언트 내에서 볼 수 있었던 소식지이다. 크게는 데마시아와 녹서스의 캘라만다를 둘러싼 갈등, 녹서스와 아이오니아 간의 갈등 조정을 위한 경기, 프렐요드를 둘러싼 애쉬와 트린다미어의 행보 등 크고 굵직한 소식을 다루고, 작게는 챔피언을 둘러싼 가십거리 및 챔피언들과의 인터뷰들도 다루는 신문이다. 기사 내에 앞으로 추가될 영웅이나 추가될 아이템,[1] 그리고 스킨에 대한 기사도 들어가 있어서 제법 읽는 맛이 있다. 또한 플레이어의 궁금증을 메일로 보내면 대답해 주기도 한다.[2]새로운 스킨이 출시되면 그 스킨에 대한 배경이 소개되기도 한다. 가령 불의 축제 아칼리와 쉔은 아이오니아 전통의 가면극 의상이다."
41,신성 로마 제국,신성 로마 제국,"962년부터 1806년까지 서유럽과 중유럽에 존속했던 제국.한때 카롤루스 대제에 의해 프랑크 왕국에 복속되었었던 게르마니아의 튜튼 부족들과 라인-도나우 유역의 옛 로마인들이 카롤링거 왕조의 영토 분할 상속과 후계 단절로 인한 정치적 혼란을 틈타 프랑크족의 정치적 영향력으로부터 분리되어 결성한 국가다. 많은 영토의 변동을 겪었지만 오늘날 중부 유럽으로 분류되는 지역의 서쪽 대부분(독일-오스트리아)만큼은 계속해서 영토로 유지하며 962년부터 1806년까지 존속했다.[9]아예 완전히 새로 건국된 국가였던 것은 아니다. 동프랑크 왕국에서 카롤링거 왕조의 후사가 완전히 끊기고 튜튼인에게 왕위가 넘어가면서 부족 공국 기반의 튜튼 왕국이 결성되었고 그 튜튼 왕국에 튜튼인들이 정복한 옛 로마 제국의 북방 도시권이 결합하면서 최종적으로 튜튼인의 왕을 겸하는 로마인의 왕이 로마의 이름으로 보편 제국의 황제로서 군림하는 '재건 로마제국'이 선포된 것이다.이후 튜튼인과 북방 로마인은 상호동화를 통해 독일인이 되었는데 이탈리아, 프로방스, 플랑드르, 보헤미아, 프러시아 등의 외부 제국 영토의 획득이나 상실로 인한 구성민족의 세부 변화나 드라마틱했던 대외영향력 및 황제권의 흥망성쇠와 별개로, 꾸준히 정치적 주도권을 행사하는 것은 결국 독일인들이었으므로, 서프랑크 왕국을 그대로 계승한 프랑스와 명백히 정체성이 분리되는 국가 독일의 전신이자 역사적 독일의 시작으로 간주된다.[10]지금이야 '신성하지도 않고 로마도 아니며 제국도 아니다'라는 볼테르의 조롱만이 너무 유명해졌지만 당시에는 고대 로마 제국의 뒤를 이은 정통 보편 제국이라는 인식을 갖고 있었다.[11] 당시에는 '제국의 계승(Translatio imperii)'이라고 해서 기존의 제국이 쇠락하면 새로운 제국이 등장해 그 대를 잇는다는 사상이 있었다. 로마 제국이 몰락하고 들어선 새로운 제국으로 여겨졌던 것이다. 황제의 서열은 가톨릭 세계의 모든 국왕들보다 높았고 그 권위는 무시하기 어려웠다.[12]"
42,BilliumMoto,미국 작곡가리듬 게임 작곡가동인 음악 작곡가,BilliumMoto는 미국의 작곡가이다.
43,김휘집,김휘집,NC 다이노스 소속 내야수.
44,크롬 바스/매우 어려움 난이도 공략,마비노기,마비노기의 상위 컨텐츠 크롬 바스의 매우 어려움 난이도(에르그 레벨 80이상)의 진행 방법을 설명하는 문서이다.
45,영국 전략사령부,영국군사령부,"영국 전략사령부는 영국군의 합동사령부로, 영국 육군, 영국 해군, 영국 공군에서 할당된 합동 부대를 관리한다."
46,부승찬,대한민국의 남성 정치인대한민국의 공무원대한민국의 군인제주 부씨1970년 출생제주시 출신 인물세화고등학교(제주) 출신공군사관학교 출신연세대학교 대학원 출신군인 출신 정치인국회의원 보좌관 출신 정치인공무원 출신 정치인문재인 정부/인사제22대 국회의원더불어민주당 국회의원더불어민주당 소속,"대한민국의 前 군인이자 前 공무원[7], 정치인이다."
47,이유(EVERGLOW),EVERGLOW한국 여가수한국의 여성 래퍼대한민국의 작사가대한민국의 여성 댄서1998년 출생2019년 데뷔하남시 출신 인물아이돌 래퍼아이돌 댄서요리조리 맛있는 수업/역대 진행자,Especially for U! 여러분들을 위해 존재하는 특별한 이유입니다!위에화엔터테인먼트 소속 6인조 걸그룹 EVERGLOW의 멤버. 예명인 이유는 ‘여러분을 위해 존재하는 특별한 이유(Especially for U)’라는 뜻이다.
48,Vuex,라이브러리JavaScript상태관리 라이브러리,"예전에 사용되던 Vue.js용 상태관리 라이브러리. Vuex는 중앙화된 Store 안에 state를 통해 애플리케이션의 상태를 관리힌다. 중앙화된 store 속 데이터는 컴포넌트 어디서나 자유롭게 읽을 수 있으며, Store 안에 등록할 수 있는 동기적 함수[1]인 Mutation을 통해 데이터를 변경할 수 있다. Vuex를 사용함으로써 얻을 수 있는 편의성이 매우 크기에, 좀 규모가 되는 Vue 애플리케이션을 작성할 때 없어서는 안 되는 물건이었으나 Pinia로 대체되고 있다."
49,이것은 실화다,TV조선 교양2014년 방송 프로그램2016년 종영법정 방송수사물페이크 다큐멘터리실화 바탕 드라마,"공식 홈페이지2014년 8월 18일부터 2016년 10월 24일까지[1] 매주 월요일 23시에 TV조선에서 방영했던 시사교양 프로그램이다.시즌 1은 주로 민사, 형사, 가사, 이혼 등등 법정에서 원고(형사사건에서는 검사)와 피고가 진실공방이 이어지고 나중에는 서로 알지 못했던 새로운 사실이 드러나게 돼 반전이 드러나는 형태로 진행됐었다.2016년 4월 11일 78회를 마지막으로 시즌 1이 마무리가 되고 2016년 4월 18일부터 '이것은 실화다 COPS'라는 제목으로 새롭게 개편되며 법정이 사라지고 경찰이 직접 수사하는 장면이 등장하는 내용으로 변경되었다. 그러다가 8월 15일 시즌 3, 9월 26일 시즌 4로 바뀌었고[2] 시즌4가 된 지 5주 만인 10월 24일 방송을 사실상 마지막으로 언제 재개될지 기약할 수 없는 상태. 종편 채널의 재연 드라마 중 가장 늦게 시작했지만 가장 빨리 끝난 셈이다.시즌 2는 시즌 1와 동일하게 진지한 분위기를 유지했으나 중간중간에 개그요소를 삽입하여 유쾌한 상황을 유도하는 장면을 보였다.방송시간도 방송분량에 따라 5~10분 정도 조기방영되는 경우도 있다.이후 2021년 11월 정신적 후속작 격으로 미친.사랑.X가 선보여 2022년 2월까지 방송되었다. 다만 이 프로그램은 시사교양이지만 미친.사랑.X는 예능이라는 점이 다르다."
50,Nine Sols/보스,Nine Sols/보스,메트로베니아 게임 Nine Sols에 등장하는 보스들에 관한 문서.
51,삼성 라이온즈/2024년/5월,삼성 라이온즈/2024년,"삼성 라이온즈의 5월 일정은 잠실[1]-대구-대구-창원-문학-대구-대구-사직-대구-대구[2] 순으로 5월 첫째주 일정은 잠실 두산과의 원정 2경기와 롯데와의 홈 3경기가 있으며, 5월 둘째주 일정은 KIA와의 홈 3경기와 창원 NC와의 원정 3경기가 있으며, 5월 셋째주 일정은 문학 SSG와의 원정 3경기와 한화와의 홈 3경기가 있으며, 5월 넷째주 일정은 kt와의 홈 3경기와 사직 롯데와의 원정 3경기가 있으며, 5월 다섯째주 일정은 키움과 한화와의 홈 4경기가 있으며, 그 중 16경기가 대구 삼성 라이온즈 파크에서 11경기는 원정에서 열린다."
52,우리들의 MBTI/등장인물,만화/등장인물우리들의 MBTI,좌측부터 현욱 · 여진 · 준혁 · 장우 · 하람 · 민수 · 하영 · 태우 · 경수 · 은정 · 정화 · 지현 · 민재 · 수현 · 세아 · 선미어린이 학습 만화 우리들의 MBTI의 등장인물에 관한 문서이다.우리들의 사춘기에서 중간중간에 등장한다.
53,아아 공습경보,인터넷 밈/방송 프로그램/대한민국,"2017년 5월 1일 부산MBC에서 방영한 ""공간다큐 그곳""의 응급실 방영분이 시초이다.[1] 만취한 취객의 횡설수설과 그걸 듣고 낙담한 표정으로 경멸하는 간호사의 표정이 어우러져 밈이 되었다.(내레이션) 술에 취한 환자가 별안간 언성을 높입니다.간호사: 주삿바늘 갈게요.취객: 어, 어. 놔두고 가면 돼. 다시!간호사: 가만히 있어요.취객: 아아, 들어간다, 들어간다. 다시! 아아, 다시! x 2 잠깐!간호사: (단호하게) 일어서지 마세요.(취객이 계속 진상을 부린다)간호사: 다리에 놓을게요.취객: 아니, 아니, 어디 갔는데? x 2간호사: 뭐가요?취객: 주사! (중간 생략)취객: 양말, 양말 그거 벗기면 니는 죽여뿐다. 공갈인줄 알아? 아아- 처음은 공갈이다잉. 아아.(간호사가 발을 건드린다)취객: 아. 아아. 이 밑에 폭탄도 있다.(간호사가 발을 잡고 소독한다)취객: 아아아아! 공습경보! 공습경보오오!!!! 으어어! 아! 아! 으아아아악! 아악! 으아아아아앍!(간호사가 허탈해한다)취객: 경찰력 총동원! 청장!(내레이션) 결국 보안 요원까지 나서는데요.취객: 서울 청장 어디 갔어? 청장. 서울 청장. 아아. 대답만 해!"
54,스티브 폭스,철권 시리즈/등장인물,"철권 시리즈의 캐릭터. 인파이터 / 아웃복서를 가리지 않는 천재 복싱 파이터이다. 철권 4부터 등장했으며, 모티브는 온갖 유명한 권투 대중매체는 다 때려박았는데 철4 출시당시 가장 많이 퍼진건 역시 시작의 일보 (더 파이팅)라서 더 파이팅의 수많은 기술들이 죄다 등장한다. 마쿠노우치 잇포(일보): 뎀프시 롤, 피카부(피커브는 오역) 스타일, 가젤 펀치마시바 료: 플리커 잽, 초핑 라이트기타: 화이트 팽, 카운터 훅, 하트브레이커(영판에는 스턴건), 스매시, 스웨이 어퍼 등"
55,2024 발로란트 마스터스 상하이/승자조,2024 발로란트 마스터스 상하이,2024 발로란트 마스터스 상하이의 플레이오프 승자조에 관한 문서이다. 3판 2선승제 토너먼트 방식으로 펼쳐지며 패배한 모든 팀은 바로 탈락하지 않고 패자조로 진출한다.
56,Teaching Feeling -노예와의 생활-,에로게동인 게임인디 게임2015년 게임,FreakilyCharming에서 2015년 10월 27일 발매한 치유물 동인 에로게. Steam에서 외눈박이 소녀와의 연애를 다루는 작품으로 화제가 되었던 Love at First Sight #와 동일한 제작자인 Ray-Kbys[1]의 작품이다. 한국에서는 히로인의 이름을 딴 실비 키우기라고도 불린다.최신 버전: 4. β(DLsite 기준 2022년 01월 07일 업데이트.)
57,수저계급론,수저,"""Some folks are born silver spoon in hand.""""어떤 사람들은 태어날 때부터 은수저[1][2]를 들고 나오지""크리던스 클리어워터 리바이벌_《Fortunate Son》 중""I was born with a plastic spoon in my mouth""""난 플라스틱 수저[3]를 물고 태어났어""더 후_《Substitute》 중2010년대에 들어 20-30대들에 대한 학벌·경력 등이 상향평준화 되어서 고성장 시대(80-90년대 당시 20-30대) 때 대기업 취업에 큰 도움이 되던 4년제 대학 졸업장이 너무나도 당연해졌고 공무원 또한 과거에는 인식이 매우 나빴으나 현재는 너도나도 공시에 뛰어들어 취업 경쟁이 심해졌다. 취업 과정에서도 면접관들이 ""누굴 합격시킬까""가 아닌 ""누굴 불합격시킬까""에 혈안이 되는 문제가 발생하였다. 여기서 집안, 재산, 학벌, 인맥 및 다른 스펙 등을 보게 되면서, 각종 비리와 문제를 자조적으로 일컫는 '수저계급론'이라는 키워드가 뜨기 시작하였다.수저계급론은 최초로 미국에서 등장했다. 가끔 수저계급론을 더욱 더 확대시키고 전 세계적으로 널리 보급시킨 것은 대한민국에서 등장한 것이라고 주장하기도 하나 이는 틀린말이다. 수저 계급이 점차 세분화된 것도 고소득층을 은수저로 부르다가 저소득층을 나무수저로 부르기 시작하고, 1950년대부터 플라스틱수저가 추가되어 최하층이 나오는 등 영미권에서 먼저 만들어진 것이고, 이러한 관용구는 영어라는 세계적으로 널리 쓰이는 언어 덕분에 많이 퍼진것이다. 다만 금수저, 흙수저 같이 영미권의 수저계급보다 더욱 세분화시킨 것은 한국의 수저계급론이 맞으며, 디시인사이드가 가장 결정적인 영향을 미쳤다.참고로 미국 등 서양권은 금보다 은이 더 귀하고, 반대로 중국 등 동양권은 은보다 금이 더 귀해서, 서양권과 동양권이 금과 은 중 둘 중에 어느 것이 가장 높은가를 두고 다투는 경우가 많은데, 전 세계 어느 나라를 가더라도 금이 은보다 훨씬 비싸고 희귀하다. 당연히 서열상으로도 금>은이 맞다. [4]2020년 전후로 일본에서는 ""부모 가챠""라는 말이 청년 사이에서 유행하고 있다.현대판 사회계급론으로 기존의 복잡해보이고 어느 정도 남아있는 현대판 신분제도 계급론을 우스꽝스럽고 해학적으로 표현한 형태에 가깝다."
58,꿀,감미료벌목순우리말,"꿀(honey)은 꽃의 밀선에서 분비되는 넥타르(자당)를 꿀벌이 먹었다가 토해낸 액체로, 한자로는 '밀(蜜)' 또는 '봉밀(蜂蜜)'이라 한다. 자당이 꿀벌 효소에 의해 과당과 포도당으로 분해되어 점성이 있는 액체가 된다."
59,아아 공습경보,인터넷 밈/방송 프로그램/대한민국,"2017년 5월 1일 부산MBC에서 방영한 ""공간다큐 그곳""의 응급실 방영분이 시초이다.[1] 만취한 취객의 횡설수설과 그걸 듣고 낙담한 표정으로 경멸하는 간호사의 표정이 어우러져 밈이 되었다.(내레이션) 술에 취한 환자가 별안간 언성을 높입니다.간호사: 주삿바늘 갈게요.취객: 어, 어. 놔두고 가면 돼. 다시!간호사: 가만히 있어요.취객: 아아, 들어간다, 들어간다. 다시! 아아, 다시! x 2 잠깐!간호사: (단호하게) 일어서지 마세요.(취객이 계속 진상을 부린다)간호사: 다리에 놓을게요.취객: 아니, 아니, 어디 갔는데? x 2간호사: 뭐가요?취객: 주사! (중간 생략)취객: 양말, 양말 그거 벗기면 니는 죽여뿐다. 공갈인줄 알아? 아아- 처음은 공갈이다잉. 아아.(간호사가 발을 건드린다)취객: 아. 아아. 이 밑에 폭탄도 있다.(간호사가 발을 잡고 소독한다)취객: 아아아아! 공습경보! 공습경보오오!!!! 으어어! 아! 아! 으아아아악! 아악! 으아아아아앍!(간호사가 허탈해한다)취객: 경찰력 총동원! 청장!(내레이션) 결국 보안 요원까지 나서는데요.취객: 서울 청장 어디 갔어? 청장. 서울 청장. 아아. 대답만 해!"
60,臺,준3급 한자나무위키 한자 프로젝트일본의 상용한자,"臺는 '대 대'라는 한자로, '대', '돈대'를 뜻하고 '대만'을 뜻한다."
61,1005년,연도,
62,Nine Sols/보스,Nine Sols/보스,메트로베니아 게임 Nine Sols에 등장하는 보스들에 관한 문서.
63,블랙 다이아/작중 행적,레인보우 버블젬,레인보우 버블젬의 블랙 다이아의 작중 행적을 정리한 문서들.
64,캐터필러(기업),미국의 자동차 제조사1925년 기업뉴욕증권거래소상장법인미국의 중공업 회사건설기계 제조사,"Let’s Do The Work.™슬로건미국 일리노이 주 디어필드에 본사를 둔 기업. 1925년 4월 15일 '홀트 트랙터 회사'와 'C. L. 베스트 트랙터 회사'가 합쳐져 설립되었고, 최초의 사장으로 C. L. 베스트가 주주들에 의해 추대되었다. 이름의 어원은 애벌레. CAT이라고 줄여 부르기도 한다. 국내에서는 두산, 현대, 볼보 등이 익숙하지만 실상 전세계 시장을 본다면 캐터필러는 과점이다 싶을 정도의 세계 최대의 건설용 장비, 가스 엔진, 공업용 가스터빈 생산 업체, 한마디로 건설기계 업계의 괴물이다.유명한 생산품은 불도저를 비롯한 다양한 종류의 중장비이며, 무한궤도와 노란 도색이 특징. 다우 존스 산업평균지수를 구성하는 30개 기업 중 하나이며, 2008년 포춘 500 순위에서 50위를 차지하기도 하였다. 한국에서는 1960년대 초 혜인상사[1]에서 수입을 시작하여 현재까지 수입되고 있으며, 2010년대에 들어서는 중/대형 중장비 위주로 판매되고 있다.일본에서 1960년에는 미쓰비시 중공업과 합작회사로 인해 설립을 시작하여 2008년 48년간만에 합작회사를 청산을 결정이 되었고, 캐터필러 일본법인을 캐터필러재팬로 사명을 변경 하였다.과거 대형트럭 엔진 제조사로도 유명했지만 2008년 6월, 2010년에 발령되는 EPA2010 배출가스 기준 통과를 포기한다고 발표해 온로드 트럭(Highway Truck)용 엔진 시장에서 철수했다.[2] 덕분에 현재 공장 완성품으로 출고되는 트럭들의 캐터필러 엔진 옵션은 전부 삭제된 상태. 대신 배출가스 기준이 다른 오프로드용 트럭이나[3] 군용차[4], 글라이더 트럭으로는 여전히 캐터필러 엔진이 탑재되어 나온다. 한편 캐터필러는 EPA2010 포기와 동시에 나비스타 인터내셔널과의 협력으로 2011년부터 배지 엔지니어링 모델을 공급받아 대형트럭 시장에 직접 뛰어들었지만[5][6], 타 트럭 메이커들 대비 낮은 브랜드 가치와 판매량 저조 등으로 인해 2016년 시장에서 철수하게 된다.1997년에는 영국의 퍼킨스를 인수하면서 일부 디젤엔진은 퍼킨스제를 사용하고 있다.2010년에 제너럴 모터스의 철도차량 제작 부서인 EMD(Electro Motive Diesel)를 인수, 자사의 Progress Rail Service에 편입해 철도차량 사업에도 본격적인 투자를 하였다.2013년부터 영국 회사 불릿(Bullitt Group)이 캐터필러의 라이센스를 얻어 스마트폰을 출시하고 있다. 브랜드의 성격답게 전 기종이 러기드폰이다. B15와 B15Q는 기본적으로 써먹을 수 있는 수준이 아니었기 때문에 좋은 평을 듣지 못했으며, 이에 절치부심했는지 S50은 쓸만하다는 평가를 받는다. 내장메모리 용량을 제외하면 베가 아이언 1과 대동소이한 성능을 보여준다."
65,장병완,대한민국의 남성 정치인대한민국의 공무원기획예산처장관제18대 국회의원제19대 국회의원제20대 국회의원민주당(2008년) 국회의원민주통합당 국회의원민주당(2013년) 국회의원새정치민주연합 국회의원더불어민주당 국회의원국민의당(2016년) 국회의원민주평화당 국회의원대안신당 국회의원민생당 국회의원원내대표나주시 출신 인물1952년 출생기획예산처차관참여정부/인사공무원 출신 정치인흥덕 장씨호남대학교 총장광주서석초등학교 출신광주서중학교 출신광주제일고등학교 출신서울대학교 출신위스콘신 대학교 대학원 출신중앙대학교 대학원 출신해병대 장교 출신5급 공개경쟁채용시험 출신/17회기후민생당 소속기획재정부 예산실장,대한민국의 행정관료 및 전 국회의원.
66,루시우스 교황,하루만 네가 되고 싶어/등장인물,하루만 네가 되고 싶어의 등장인물이자 작품의 진 최종 보스 후보. 장발의 여성이다.[1] 페르온 소브 에페란토의 양어머니.
67,영국 전략사령부,영국군사령부,"영국 전략사령부는 영국군의 합동사령부로, 영국 육군, 영국 해군, 영국 공군에서 할당된 합동 부대를 관리한다."
68,이오숙,1967년 출생부여군 출신 인물쌘뽈여자고등학교 출신한남대학교 출신한남대학교 대학원 출신대구북부소방서장소방공무원/1988년 임용대한민국의 여성 고위 공무원전북소방본부장,대한민국의 소방공무원.  76년 소방역사상 최초의 여성 소방감 이다. 
69,여진족,여진족,"여진(女眞)은 퉁구스계 종족 집단 가운데서도 만주 일부 지방에 살았던 숙신-말갈계의 후손이다. 명나라 시대에 건주위 지휘사의 통제를 받는 건주여진(建州女眞)[1]과 후룬 강[2] 유역에 살았던 해서여진(海西女眞), 그리고 최북방의 야인여진(野人女眞)[3]으로 세분화되었다.모두 여진어를 사용하긴 했으나 서로 간에도 잦은 전쟁과 약탈이 일어났을 정도로 연대의식이 희미했다[4]."
70,강유정,1975년 출생한국 여성 작가2005년 데뷔대한민국의 평론가대한민국의 문학 교수서울특별시 출신 인물고려대학교 출신고려대학교 대학원 출신대한민국의 여성 정치인작가 출신 정치인제22대 국회의원비례대표 국회의원더불어민주당 국회의원더불어민주당 소속,"대한민국의 영화·문학 평론가, 교수 출신 정치인. 제22대 국회의원이다."
71,신성 로마 제국,신성 로마 제국,"962년부터 1806년까지 서유럽과 중유럽에 존속했던 제국.한때 카롤루스 대제에 의해 프랑크 왕국에 복속되었었던 게르마니아의 튜튼 부족들과 라인-도나우 유역의 옛 로마인들이 카롤링거 왕조의 영토 분할 상속과 후계 단절로 인한 정치적 혼란을 틈타 프랑크족의 정치적 영향력으로부터 분리되어 결성한 국가다. 많은 영토의 변동을 겪었지만 오늘날 중부 유럽으로 분류되는 지역의 서쪽 대부분(독일-오스트리아)만큼은 계속해서 영토로 유지하며 962년부터 1806년까지 존속했다.[9]아예 완전히 새로 건국된 국가였던 것은 아니다. 동프랑크 왕국에서 카롤링거 왕조의 후사가 완전히 끊기고 튜튼인에게 왕위가 넘어가면서 부족 공국 기반의 튜튼 왕국이 결성되었고 그 튜튼 왕국에 튜튼인들이 정복한 옛 로마 제국의 북방 도시권이 결합하면서 최종적으로 튜튼인의 왕을 겸하는 로마인의 왕이 로마의 이름으로 보편 제국의 황제로서 군림하는 '재건 로마제국'이 선포된 것이다.이후 튜튼인과 북방 로마인은 상호동화를 통해 독일인이 되었는데 이탈리아, 프로방스, 플랑드르, 보헤미아, 프러시아 등의 외부 제국 영토의 획득이나 상실로 인한 구성민족의 세부 변화나 드라마틱했던 대외영향력 및 황제권의 흥망성쇠와 별개로, 꾸준히 정치적 주도권을 행사하는 것은 결국 독일인들이었으므로, 서프랑크 왕국을 그대로 계승한 프랑스와 명백히 정체성이 분리되는 국가 독일의 전신이자 역사적 독일의 시작으로 간주된다.[10]지금이야 '신성하지도 않고 로마도 아니며 제국도 아니다'라는 볼테르의 조롱만이 너무 유명해졌지만 당시에는 고대 로마 제국의 뒤를 이은 정통 보편 제국이라는 인식을 갖고 있었다.[11] 당시에는 '제국의 계승(Translatio imperii)'이라고 해서 기존의 제국이 쇠락하면 새로운 제국이 등장해 그 대를 잇는다는 사상이 있었다. 로마 제국이 몰락하고 들어선 새로운 제국으로 여겨졌던 것이다. 황제의 서열은 가톨릭 세계의 모든 국왕들보다 높았고 그 권위는 무시하기 어려웠다.[12]"
72,무풍지대(드라마),1989년 드라마1989년 종영KBS 수목 드라마느와르 드라마대한민국(20세기)/창작물한국 사극드라마 템플릿 미반영,"1회 영상나 유지광은 역사와 민족 앞에 진심으로 참회하며 이 기록을 남기기로 결심했읍니다.[1]KBS 2TV에서 1989년 6월 28일부터 1989년 9월 7일까지 방영한 미니 시리즈이다. 기획 당시 가제는 '흑풍'.[2]제1공화국 당시 유명한 정치깡패였던 유지광의 자서전 '대명'을 원작으로 하였다. 유지광 생전에 출간된 '대명' 은 처음 나왔을 때는 꽤 인기를 끌었지만[3] 오래 가지 못하고 시들해진 상태였는데, 드라마가 인기를 끌자 무풍지대란 제목으로 재출간되기도 했다.야인시대 후반부하고 거의 똑같다.1회 시작때와 22회 최종회때는 유지광 역할을 맡은 나한일이 직접 유지광의 가족들을 통해 실제로 만나는 장면이 방송되기도 했다. 당시에는 MBC에서 비슷한 시기인 제2공화국을 방송하던 시절이었다. 그래서 그런지 폭력성은 점점 줄어들고 정치적인 내용이 많이 들어갔다. 그래도 초반에는 기관총으로 총격전을 하거나, 상대방 두목을 처참히 죽이는 등[4] 잔인한 장면이 많았고, 이 때문에 방송위원회의 경고를 받기도 했다. 또한 유지광 등 인물들을 미화한다는 지적에 대해 담당 연출자인 이영국 PD[5]는 인간적인 동정은 있을수 있지만 미화는 절대 할 수 없다고 입장을 밝히기도 했다.#"
73,조지 갤럽,1901년 출생1984년 사망그린 카운티(아이오와) 출신 인물미국의 심리학자통계학자미국의 언론인미국의 남성 기업인아이오와 대학교 출신심장마비로 죽은 인물,"미국의 심리, 통계학자이자 언론인. 과학적 여론조사의 선구자로 알려져있다. 본인의 이름을 딴 여론조사 기관 갤럽을 창설했다. 이 문서의 내용 중 전체 또는 일부는 갤럽갤럽 문서의 rr80 판, 번 문단에서 가져왔습니다. 이전 역사 보러 가기 이 문서의 내용 중 전체 또는 일부는 다른 문서에서 가져왔습니다. [ 펼치기 · 접기 ]갤럽갤럽 문서의 rr80 판, 번 문단 (이전 역사) 문서의 r 판, 번 문단 (이전 역사) 문서의 r 판, 번 문단 (이전 역사) 문서의 r 판, 번 문단 (이전 역사) 문서의 r 판, 번 문단 (이전 역사) 문서의 r 판, 번 문단 (이전 역사) 문서의 r 판, 번 문단 (이전 역사) 문서의 r 판, 번 문단 (이전 역사) 문서의 r 판, 번 문단 (이전 역사) 문서의 r 판, 번 문단 (이전 역사) 문서의 r 판, 번 문단 (이전 역사) 문서의 r 판, 번 문단 (이전 역사) 문서의 r 판, 번 문단 (이전 역사) 문서의 r 판, 번 문단 (이전 역사) 문서의 r 판, 번 문단 (이전 역사) 문서의 r 판, 번 문단 (이전 역사) 문서의 r 판, 번 문단 (이전 역사) 문서의 r 판, 번 문단 (이전 역사) 문서의 r 판, 번 문단 (이전 역사) 문서의 r 판, 번 문단 (이전 역사) 문서의 r 판, 번 문단 (이전 역사) 문서의 r 판, 번 문단 (이전 역사) 문서의 r 판, 번 문단 (이전 역사) 문서의 r 판, 번 문단 (이전 역사) 문서의 r 판, 번 문단 (이전 역사) 문서의 r 판, 번 문단 (이전 역사) 문서의 r 판, 번 문단 (이전 역사) 문서의 r 판, 번 문단 (이전 역사) 문서의 r 판, 번 문단 (이전 역사) 문서의 r 판, 번 문단 (이전 역사) 문서의 r 판, 번 문단 (이전 역사) 문서의 r 판, 번 문단 (이전 역사) 문서의 r 판, 번 문단 (이전 역사) 문서의 r 판, 번 문단 (이전 역사) 문서의 r 판, 번 문단 (이전 역사) 문서의 r 판, 번 문단 (이전 역사) 문서의 r 판, 번 문단 (이전 역사) 문서의 r 판, 번 문단 (이전 역사) 문서의 r 판, 번 문단 (이전 역사) 문서의 r 판, 번 문단 (이전 역사) 문서의 r 판, 번 문단 (이전 역사) 문서의 r 판, 번 문단 (이전 역사) 문서의 r 판, 번 문단 (이전 역사) 문서의 r 판, 번 문단 (이전 역사) 문서의 r 판, 번 문단 (이전 역사) 문서의 r 판, 번 문단 (이전 역사) 문서의 r 판, 번 문단 (이전 역사) 문서의 r 판, 번 문단 (이전 역사) 문서의 r 판, 번 문단 (이전 역사) 문서의 r 판, 번 문단 (이전 역사)"
74,하이페리온 모터스,미국의 자동차 제조사2011년 기업하이퍼카 제조사,HYDROGEN ELECTRIC (수소와 전기)슬로건미국의 수소 하이퍼카 제조 회사이다.
75,아모리 1세,예루살렘 국왕앙주 가문1136년 출생1174년 사망이질로 죽은 인물예루살렘 출신 인물,예루살렘 왕국의 제6대 국왕.
76,김승룡(소방공무원),소방간부후보생/9기부천소방서장해남소방서장파주소방서장전북소방본부장1967년 출생익산시 출신 인물원광고등학교 출신한국외국어대학교 출신서울시립대학교 대학원 출신경기도소방학교 교수운영과장소방청 화재대응조사과장수도권특수구조대장,대한민국의 소방공무원.
77,묵우운간,묵우운간,키워드 문구줄거리방영 예정인 유쿠의  로맨스 드라마. 천산다객의 웹소설《적가천금》이 원작이다. 
78,녹정기,중국 무협 소설대하소설청나라/창작물하렘물중국 텔레비전 드라마,김용 최후의 장편소설이자 사실상 마지막 작품. 배경시대는 청나라초 강희 연간. 1969년 10월 24일에서 1972년 9월 23일까지 명보에서 독점 연재했다.
79,곽상언,1971년 출생선산 곽씨서울특별시 출신 인물신목고등학교 출신서울대학교 출신뉴욕 대학교 로스쿨 출신서울대학교 대학원 출신육군 출신대한민국의 법조인대한민국의 변호사미국의 변호사법조인 출신 정치인대한민국의 사회과학 교수경희대학교 재직변호사 출신 정치인대한민국의 남성 정치인더불어민주당 소속제22대 국회의원더불어민주당 국회의원,"대한민국의 변호사이자 정치인. 노무현 전 대통령의 사위로 알려진 인물로, 당적은 더불어민주당이다."
80,변재일,대한민국의 남성 정치인대한민국의 공무원상당구 출신 인물초계 변씨1948년 출생제17대 국회의원제18대 국회의원제19대 국회의원제20대 국회의원제21대 국회의원열린우리당 국회의원대통합민주신당 국회의원통합민주당(2008년) 국회의원민주당(2008년) 국회의원민주통합당 국회의원민주당(2013년) 국회의원새정치민주연합 국회의원더불어민주당 국회의원공무원 출신 정치인청주중학교 출신청주고등학교 출신연세대학교 출신충북대학교 대학원 출신정보통신부차관참여정부/인사국민의 정부/인사5급 공개경쟁채용시험 출신/16회더불어민주당 소속육군 출신민주연구원 원장,대한민국의 관료이자 정치인이다.
81,이정민(야구선수)/선수 경력,대한민국의 야구 선수/경력,이정민의 선수 경력을 기록한 문서.
